{"cameraMode":{"drawMode":0,"name":"Shaded","section":"Shading Mode"},"sceneLighting":true,"audioPlay":false,"sceneViewState":{"showFog":true,"showMaterialUpdate":false,"showSkybox":true,"showFlares":true,"showImageEffects":true,"showParticleSystems":true},"in2DMode":false,"pivot":{"x":141.9307861328125,"y":34.58116912841797,"z":-18.45050621032715},"rotation":{"x":0.015057616867125035,"y":-0.9843586683273315,"z":0.14003604650497437,"w":0.10583613812923432},"size":185.07469177246095,"orthographic":true}